<odoo>

    <!-- <record id="pos_user_access" model="ir.rule">
        <field name="name">Lecture des programmes</field>
        <field name="model_id" ref="model_construction_program" />
        <field name="groups" eval="[(4, ref('stock_management.group_program_crate'))]" />
        <field name="perm_read" eval="1" />
        <field name="perm_write" eval="0" />
        <field name="perm_create" eval="0" />
        <field name="perm_unlink" eval="0" />
        <field name="domain_force">[
            (user.has_group('point_of_sale.group_pos_manager'),'=',True)
        ]
        </field>
    </record> -->

</odoo>