<?xml version='1.0' encoding='utf-8'?>
<odoo>
    <template id="aged_partner_inherit" inherit_id="accounting_pdf_reports.report_agedpartnerbalance">
        <xpath expr="//div[@class='page']" position="replace">
             <h2 class="text-center">Solde du partenaire âgé</h2>

                    <div class="row mt32">
                        <div class="col-3">
                            <strong>Date de début:</strong>
                            <p t-esc="data['date_from']"/>
                        </div>
                        <div class="col-3">
                            <strong>Durée de la période (jours)</strong>
                            <p t-esc="data['period_length']"/>
                        </div>
                    </div>
                    <div class="row mb32">
                        <div class="col-3">
                            <strong>Celui du partenaire:</strong>
                            <p>
                                <span t-if="data['result_selection'] == 'customer'">Comptes débiteurs</span>
                                <span t-if="data['result_selection'] == 'supplier'">Comptes à payer</span>
                                <span t-if="data['result_selection'] == 'customer_supplier'">Comptes débiteurs et créditeurs</span>
                            </p>
                        </div>
                        <div class="col-3">
                            <strong>Mouvements de la cible:</strong>
                            <p>
                                <span t-if="data['target_move'] == 'all'">Toutes les entrées</span>
                                <span t-if="data['target_move'] == 'posted'">Toutes les entrées publiées</span>
                            </p>
                        </div>
                    </div>

                    <table class="table table-bordered mt-3">
                        <thead>
                            <tr style='height:100%;background-color:#ae0001;' class="text-white">
                                <th>Partenaires</th>
                                <th class="text-right">
                                    <span>Non due</span>
                                </th>
                                <th class="text-right"><span t-esc="data['4']['name']"/></th>
                                <th class="text-right"><span t-esc="data['3']['name']"/></th>
                                <th class="text-right"><span t-esc="data['2']['name']"/></th>
                                <th class="text-right"><span t-esc="data['1']['name']"/></th>
                                <th class="text-right"><span t-esc="data['0']['name']"/></th>
                                <th class="text-right">Total</th>
                            </tr>
                            <tr t-if="get_partner_lines">
                                <th>Total du compte</th>
                                <th class="text-right"><span t-esc="get_direction[6]" t-options="{'widget': 'monetary', 'display_currency': res_company.currency_id}"/></th>
                                <th class="text-right"><span t-esc="get_direction[4]" t-options="{'widget': 'monetary', 'display_currency': res_company.currency_id}"/></th>
                                <th class="text-right"><span t-esc="get_direction[3]" t-options="{'widget': 'monetary', 'display_currency': res_company.currency_id}"/></th>
                                <th class="text-right"><span t-esc="get_direction[2]" t-options="{'widget': 'monetary', 'display_currency': res_company.currency_id}"/></th>
                                <th class="text-right"><span t-esc="get_direction[1]" t-options="{'widget': 'monetary', 'display_currency': res_company.currency_id}"/></th>
                                <th class="text-right"><span t-esc="get_direction[0]" t-options="{'widget': 'monetary', 'display_currency': res_company.currency_id}"/></th>
                                <th class="text-right"><span t-esc="get_direction[5]" t-options="{'widget': 'monetary', 'display_currency': res_company.currency_id}"/></th>
                            </tr>
                        </thead>
                        <tbody>
                            <tr t-foreach="get_partner_lines" t-as="partner">
                                <td>
                                    <span t-esc="partner['name']"/>
                                </td>
                                <td class="text-right">
                                    <span t-esc="partner['direction']" t-options="{'widget': 'monetary', 'display_currency': res_company.currency_id}"/>
                                </td>
                                <td class="text-right">
                                    <span t-esc="partner['4']" t-options="{'widget': 'monetary', 'display_currency': res_company.currency_id}"/>
                                </td>
                                <td class="text-right">
                                    <span t-esc="partner['3']" t-options="{'widget': 'monetary', 'display_currency': res_company.currency_id}"/>
                                </td>
                                <td class="text-right">
                                    <span t-esc="partner['2']" t-options="{'widget': 'monetary', 'display_currency': res_company.currency_id}"/>
                                </td>
                                <td class="text-right">
                                    <span t-esc="partner['1']" t-options="{'widget': 'monetary', 'display_currency': res_company.currency_id}"/>
                                </td>
                                <td class="text-right">
                                    <span t-esc="partner['0']" t-options="{'widget': 'monetary', 'display_currency': res_company.currency_id}"/>
                                </td>
                                <td class="text-right">
                                    <span t-esc="partner['total']" t-options="{'widget': 'monetary', 'display_currency': res_company.currency_id}"/>
                                </td>
                            </tr>
                        </tbody>
                    </table>
        </xpath>
    </template>
</odoo>