<?xml version='1.0' encoding='utf-8'?>
<odoo>
    <template id="journal_audit_inherit" inherit_id="accounting_pdf_reports.report_journal">
        <xpath expr="//div[@class='page']" position="replace">
             <h2 class="text-center"><t t-esc="o.name"/> Journal</h2>
                        <div class="row mt32">
                            <div class="col-3">
                                <strong>Entreprise :</strong>
                                <p t-esc="res_company.name"/>
                            </div>
                            <div class="col-3">
                                <strong>Journal:</strong>
                                <p t-esc="o.name"/>
                            </div>
                            <div class="col-3">
                                <strong>Entrées triées par:</strong>
                                <p t-if="data['form'].get('sort_selection') != 'l.date'">Numéro d'entrée du journal</p>
                                <p t-if="data['form'].get('sort_selection') == 'l.date'">Date</p>
                            </div>
                            <div class="col-3">
                                <strong>Mouvements ciblés:</strong>
                                <p t-if="data['form']['target_move'] == 'all'">Toutes les entrées</p>
                                <p t-if="data['form']['target_move'] == 'posted'">Toutes les entrées publiées</p>
                            </div>
                        </div>

                        <table class="table table-bordered mt-3">
                            <thead>
                                <tr style='height:100%;background-color:#ae0001;' class="text-white" >
                                    <th>Move</th>
                                    <th>Date</th>
                                    <th>Compte</th>
                                    <th>Partenaire</th>
                                    <th>Étiquette</th>
                                    <th>Debit</th>
                                    <th>Credit</th>
                                    <th t-if="data['form']['amount_currency']">Devise</th>
                                </tr>
                            </thead>
                            <tbody>
                                <tr t-foreach="lines[o.id]" t-as="aml">
                                    <td><span t-esc="aml.move_id.name != '/' and aml.move_id.name or ('*'+str(aml.move_id.id))"/></td>
                                    <td><span t-field="aml.date"/></td>
                                    <td><span t-field="aml.account_id.code"/></td>
                                    <td><span t-esc="aml.sudo().partner_id and aml.sudo().partner_id.name and aml.sudo().partner_id.name[:23] or ''"/></td>
                                    <td><span t-esc="aml.name and aml.name[:35]"/></td>
                                    <td><span t-esc="aml.debit" t-options="{'widget': 'monetary', 'display_currency': res_company.currency_id}"/></td>
                                    <td><span t-esc="aml.credit" t-options="{'widget': 'monetary', 'display_currency': res_company.currency_id}"/></td>
                                    <td t-if="data['form']['amount_currency'] and aml.amount_currency">
                                        <span t-esc="aml.amount_currency" t-options="{'widget': 'monetary', 'display_currency': aml.currency_id}"/>
                                    </td>
                                </tr>
                            </tbody>
                        </table>

                        <div class="row">
                            <div class="col-4 pull-right">
                                <table class="table table-sm table-reports">
                                    <tr>
                                        <td><strong>Total</strong></td>
                                        <td><span t-esc="sum_debit(data, o)" t-options="{'widget': 'monetary', 'display_currency': res_company.currency_id}"/></td>
                                        <td><span t-esc="sum_credit(data, o)" t-options="{'widget': 'monetary', 'display_currency': res_company.currency_id}"/></td>
                                    </tr>
                                </table>
                            </div>
                        </div>

                        <div class="row">
                            <div class="col-4">
                                <table class="table table-sm table-reports">
                                    <thead>
                                        <tr><th colspan="3">Déclaration de tax</th></tr>
                                        <tr>
                                            <th>Nom</th>
                                            <th>Montant de base</th>
                                            <th>Montant de la taxe</th>
                                        </tr>
                                    </thead>
                                    <tbody>
                                        <t t-set="taxes" t-value="get_taxes(data, o)"/>
                                        <tr t-foreach="taxes" t-as="tax">
                                            <td><span t-esc="tax.name"/></td>
                                            <td><span t-esc="taxes[tax]['base_amount']" t-options="{'widget': 'monetary', 'display_currency': res_company.currency_id}"/></td>
                                            <td><span t-esc="taxes[tax]['tax_amount']" t-options="{'widget': 'monetary', 'display_currency': res_company.currency_id}"/></td>
                                        </tr>
                                    </tbody>
                                </table>
                            </div>
                        </div>
        </xpath>
    </template>
</odoo>